,stationid,NAME_station,WHITE HISPANIC,BLACK,ASIAN / PACIFIC ISLANDER,BLACK HISPANIC,WHITE,AMERICAN INDIAN/ALASKAN NATIVE,UNKNOWN
0,1.0,Astor Pl,0.05299247566672036,0.03884120665454797,0.13150325594238246,0.002116937803446927,0.735819968245933,0.0009204077406290987,0.03780574794634023
1,2.0,Canal St,0.041771797028315114,0.043934478753654534,0.39637150066081944,0.009892266410348833,0.44350995234090274,0.0022027313869197804,0.06231727341903961
2,3.0,50th St,0.08255282916634414,0.040328198776995124,0.17303970895580154,0.010294914467064015,0.6081740072761049,0.006618159300255438,0.07899218205743479
3,4.0,Bergen St,0.04620603975535168,0.21019686544342508,0.06608371559633028,0.025611620795107034,0.48509174311926606,0.001194571865443425,0.16561544342507645
4,5.0,Pennsylvania Ave,0.06172124022022602,0.719129030922714,0.009065695243614688,0.03916049178292007,0.0183797656993832,0.0026493355963074887,0.1498944405348346
5,6.0,238th St,0.16246330797340203,0.13316959204456957,0.05169831665967771,0.026957407296471576,0.22931767806865153,0.012879650152758642,0.38351404780446896
6,7.0,Cathedral Pkwy (110th St),0.0626052349609674,0.39905097198836675,0.05495178325424767,0.07062605234960967,0.27114648706566663,0.0015613041481708251,0.14005816623297107
7,8.0,Kingston - Throop Aves,0.012697715289982425,0.7569420035149385,0.023857644991212654,0.0421792618629174,0.09969244288224956,0.0020650263620386644,0.06256590509666081
8,9.0,65th St,0.22994312228708277,0.012198772638826523,0.5003741954797186,0.008868432869330938,0.12037868582547523,0.0,0.12823679089956594
9,10.0,36th St,0.1570917759237187,0.019308700834326578,0.3811680572109654,0.008581644815256258,0.24410011918951133,0.00500595947556615,0.18474374255065554
10,11.0,Delancey St - Essex St,0.08657614781634938,0.05538447181784248,0.3861748786860769,0.011128219484882419,0.31865901455767076,0.0020996640537514,0.13997760358342665
11,12.0,Van Siclen Ave,0.18815160729800173,0.3437228496959166,0.03192875760208514,0.052400086880973064,0.02264335360556038,0.002334926151172893,0.35881841876629017
12,13.0,Norwood Ave,0.40115969469262175,0.28619608307200756,0.07638601266197266,0.06609076386012662,0.03212827643334714,0.0005916809656233359,0.13744748831430093
13,14.0,104th-102nd Sts,0.21180896303565588,0.053974484789008834,0.19654345218623923,0.01810053429287973,0.16295932831752263,0.006269763384581834,0.35034347399411186
14,15.0,DeKalb Ave,0.051418271511241814,0.24181766435822027,0.1507921449577839,0.011668722132624989,0.3857319039939285,0.0016601840432596527,0.1569111090029409
15,16.0,Beach 105th St,0.09395848776871757,0.11174944403261676,0.024091919940696812,0.008710155670867309,0.6362120088954781,0.0,0.12527798369162343
16,17.0,Beach 90th St,0.09978582554517133,0.2683995327102804,0.08041277258566978,0.043419003115264795,0.3862928348909657,0.0,0.12169003115264798
17,18.0,Freeman St,0.09552614006834519,0.3020935621980439,0.012647786637338466,0.0488628775678542,0.013865430692485957,0.008209277662123414,0.5187949251738089
18,19.0,Intervale Ave,0.10777446424856092,0.23964907413828976,0.012864969831472364,0.060995908176711286,0.015569734378250918,0.0017338234274221513,0.5614120257992926
19,20.0,182nd-183rd Sts,0.08779208001967696,0.24901205214396982,0.018299581864392882,0.046585225875215214,0.01429859801590555,0.006739362138230712,0.5772730999426089
20,21.0,174th-175th Sts,0.1028187239788455,0.2867109260717903,0.01760999212332621,0.04143693034769889,0.01760999212332621,0.0034601102734331045,0.5303533250815798
21,22.0,167th St,0.08901163771293641,0.287464159217406,0.020956316410861865,0.06080283353010626,0.01372491145218418,0.010920897284533649,0.5171192443919717
22,23.0,Mets - Willets Point,,,,,,,
23,24.0,Junction Blvd,0.473102499426737,0.01726668195368035,0.15390965374914012,0.018940609951845908,0.02047695482687457,0.010272873194221509,0.30603072689750055
24,25.0,Flushing - Main St,0.07824752812819638,0.06097283782247983,0.722866234799409,0.0031821797931583136,0.06614387998636209,0.002727582679849983,0.06585975679054439
25,26.0,Buhre Ave,0.12348888600025998,0.0705186533212011,0.044845963863252306,0.002859742623163915,0.3577278044975952,0.0055245027947484725,0.395034446899779
26,27.0,3rd Ave - 138th St,0.1666320310335273,0.23967858132446662,0.007793017456359103,0.060854807425879745,0.008762815184261568,0.009940426711000276,0.5063383208645054
27,28.0,Castle Hill Ave,0.1500243783520234,0.15051194539249146,0.18191126279863482,0.027596294490492442,0.046855192588980986,0.0027303754266211604,0.4403705509507557
28,29.0,Brooklyn Bridge - City Hall,0.06455696202531645,0.07267932489451477,0.36455696202531646,0.0073488045007032345,0.39082278481012656,0.015822784810126583,0.08421237693389592
29,30.0,Zerega Ave,0.1344727204432341,0.14799511691238615,0.1942905437130247,0.0375622124143112,0.06751807681472438,0.002723260400037562,0.4154380693022819
30,31.0,Grand Central - 42nd St,0.06039959872930948,0.023658251128573816,0.19415649556930278,0.0005851864236749708,0.6916067547232905,0.0,0.02959371342584852
31,32.0,33rd St,0.03615436696005416,0.026844955991875422,0.1950575490859851,0.0,0.6897765741367637,0.00027081922816519973,0.0518957345971564
32,33.0,96th St,0.10615305447327796,0.055190031610674116,0.10925898698816437,0.008968609865470852,0.627306476512534,0.000808645151804749,0.09231419539807395
33,34.0,77th St,0.051291625649207376,0.011830001018364506,0.07305068060694525,0.0005261549950779049,0.8262330696900777,0.0005770732204080247,0.03649139481991921
34,35.0,Chauncey St,0.05944417007138688,0.6300453463835136,0.018497732680824316,0.047501459165806136,0.06420329546985139,0.000448974094194765,0.17985902213442284
35,36.0,Union St,0.0664409648751587,0.13802067589625777,0.07955988150655946,0.010700683150958226,0.556677347197872,0.0024182334804425366,0.14618221389275135
36,37.0,Elmhurst Ave,0.2550841976668982,0.019522360888207534,0.5012815292116799,0.004024241262845235,0.059884542601863607,0.005126116846719524,0.155077011521786
37,38.0,Ralph Ave,0.014288768529076398,0.7852765108323831,0.014645096921322692,0.03484891676168757,0.039374287343215505,0.001460946408209806,0.11010547320410491
38,39.0,Pelham Pkwy,0.12033037811623853,0.17200878987648707,0.05554292642267182,0.03239372584678336,0.18955065545199667,0.00545578540577404,0.4247177388800485
39,40.0,Gun Hill Rd,0.07036731324803962,0.6149401568303756,0.027961205117622782,0.03827899298390425,0.023627734213784564,0.00877011968633925,0.21605447791993396
40,41.0,Nereid Ave (238 St),0.06459399439992276,0.5885874287921212,0.06044221299604133,0.040166071256155254,0.045283383219078883,0.0021241672298928263,0.19880274210678767
41,42.0,Franklin Ave,0.02687816699713593,0.626386134978336,0.04476022618785342,0.033083645443196,0.19784093412645956,0.004920320188000294,0.06613057207901887
42,43.0,Simpson St,0.11911930176687043,0.23477176656631085,0.014171456375634826,0.05020831432655171,0.015874464008758325,0.004166286531034273,0.5616884104248396
43,44.0,Bronx Park East,0.11688,0.108,0.06584,0.0144,0.25776,0.00584,0.43128
44,45.0,Winthrop St,0.02290149789909228,0.772749141995702,0.024376944542451165,0.03358244859992943,0.07146293742181736,0.0012509221541520993,0.07367610738685569
45,46.0,Van Siclen Ave,0.07708940963491903,0.7241275269033491,0.010761339635924771,0.04807402192497234,0.03122799959770693,0.002966911394951222,0.1057527909081766
46,47.0,149th St - Grand Concourse,0.08682473393506668,0.42044995284925235,0.007072612151421258,0.046275090933584805,0.023508015627104945,0.007948268893978176,0.4079213256095918
47,48.0,161st St - Yankee Stadium,0.12701460589272223,0.24716696046335934,0.01617980357592546,0.06742634097204735,0.026158398388315286,0.00547720977083858,0.5105766809367918
48,49.0,Lexington Ave - 59th St,0.0514969607732095,0.02219956960018122,0.09449918828104353,0.0007928417714350436,0.8132668856420131,0.0006795786612300374,0.017064975270887604
49,50.0,E 149th St,0.10348356097343951,0.22765493615696045,0.016461271522000265,0.051385861102460295,0.006362058993637941,0.0014681674600702942,0.5931841437914313
50,51.0,Morrison Av - Soundview,0.13577660505449626,0.26611684213317777,0.014585377496088467,0.054257604285449096,0.013259434087353151,0.006921424593598346,0.5090827123498369
51,52.0,Whitlock Ave,0.12114088700830591,0.24510264848769786,0.010761113723031918,0.05182050880217312,0.011231259468212924,0.005485033693778405,0.5544585488167999
52,53.0,St Lawrence Ave,0.15266760838856894,0.24991850483537978,0.08815965808250932,0.04205150494403999,0.04234126552935637,0.007497555145061393,0.4173639030750842
53,54.0,Woodside - 61st St,0.23793037733451913,0.011084995553296912,0.4349193241011307,0.008258162876381654,0.17367551772328801,0.0018739677296404523,0.1322576546817431
54,55.0,Far Rockaway - Mott Ave,0.2019271051529116,0.5665409858958246,0.07792207792207792,0.05948889819857562,0.005027230833682447,0.0,0.0890937019969278
55,56.0,72nd St,0.06254986436891655,0.016156055528961225,0.08038136269347375,0.00043880644646561353,0.8108744215733206,0.002632838678793681,0.026966650710068613
56,57.0,96th St,0.0909129260884239,0.15474181572730342,0.09994093823827202,0.0374198447519406,0.5155669929125886,0.0003374957813027337,0.10107998650016875
57,58.0,168th St,0.2062315766274553,0.10771646601834761,0.024270641064492136,0.052838921182401716,0.09923138378467726,0.010165569299429736,0.49954544202319623
58,59.0,Kingsbridge Rd,0.09741477657250033,0.1519036293675194,0.058665429162557764,0.029912794632325927,0.05278728464528105,0.005472088481543787,0.6038439971382717
59,60.0,42nd St - Bryant Pk,0.046109942925803546,0.08516070892159808,0.2401622108741364,0.016521477921297687,0.5603784920396515,0.0058576148993691795,0.045809552418143586
60,61.0,Prospect Park,0.03588116018689941,0.6383672749713479,0.0565987833906374,0.03447059860707044,0.15956977871815217,0.005377766023097946,0.06973463810279468
61,62.0,55th St,0.042573872472783825,0.0035640228097459825,0.08599015033696215,0.0006156039398652151,0.8334629341627786,0.002656817003628823,0.031136599274235354
62,63.0,Jamaica - Van Wyck,0.15469373590144023,0.07062293944126323,0.3321186881832379,0.01327433628318584,0.08511192087454451,0.005379142807565504,0.3387992365087628
63,64.0,Kew Gardens - Union Tpke,0.10147086203686465,0.03295475702848632,0.2277043381120834,0.0,0.5753118599888289,0.0,0.06255818283373674
64,65.0,Sutphin Blvd - Archer Av,0.11510058568882098,0.14947797300738477,0.21103896103896103,0.009485612426788897,0.04539088362617774,0.004838298955946015,0.46466768525592056
65,66.0,Court Sq - 23rd St,0.0925033467202142,0.011378848728246318,0.20803212851405622,0.009370816599732263,0.5668005354752342,0.0,0.11191432396251673
66,67.0,67th Ave,0.1025436326598029,0.0258767824698563,0.2200627649617354,0.001459010075428068,0.5497164565325111,0.0036612894345647747,0.09668006386610141
67,68.0,Grand Ave - Newtown,0.14365723886866424,0.008457014841781013,0.6589750770092411,0.002800336040324839,0.09890786894427331,0.006384766171940633,0.08081769812377486
68,69.0,Ditmas Ave,0.05676100124995994,0.03698599403865261,0.14945033813018813,0.0,0.6114547610653505,0.0020832665619691677,0.1432646389538797
69,70.0,Classon Ave,0.043801360437227224,0.4146188023434121,0.06350017693547753,0.024849604844100186,0.3567805606888688,0.0007863799001297527,0.09566311485078441
70,71.0,Broadway,0.14433022602477333,0.06110330736815221,0.11527901928233943,0.05931554079938705,0.4430787894266377,0.008651513216702848,0.1682416038820074
71,72.0,Lorimer St,0.11452468157218608,0.02410758213524299,0.07467337232821297,0.004865249002350626,0.6702563822227081,0.005903897665773793,0.1056688350735254
72,73.0,Sutter Ave,0.06997185704923088,0.6682215968233163,0.005281622267627896,0.046031072901808086,0.009599444851382088,0.0039708546975596596,0.19692355140907514
73,74.0,Wilson Ave,0.20339425587467364,0.2741514360313316,0.011662315056570931,0.11331592689295039,0.07362924281984334,0.007136640557006092,0.316710182767624
74,75.0,Halsey St,0.12537243947858473,0.5536312849162012,0.021880819366852888,0.06727188081936686,0.11438547486033519,0.004050279329608939,0.11340782122905028
75,76.0,Lorimer St,0.11616969696969696,0.07762424242424243,0.16237575757575756,0.057745454545454544,0.43713939393939394,0.012509090909090909,0.13643636363636363
76,77.0,8th Ave,0.06972840098327238,0.01043228011271659,0.7097547814617183,0.0,0.10522213561964147,0.007854187900953295,0.09700821392169795
77,78.0,36th Ave,0.1608910891089109,0.07794011108427916,0.21788215406906544,0.016662641873943493,0.34001448925380345,0.0037430572325525234,0.18286645737744506
78,79.0,Broadway,0.1612606557956917,0.016306462452690035,0.15931519932085883,0.012769268862084822,0.5145909235612465,0.0013795055003360333,0.13437798450709207
79,80.0,Times Sq - 42nd St,0.056098241696902036,0.12950041864359477,0.2897013675690762,0.030700530281886688,0.4180854032933296,0.010884733463578006,0.06502930505163271
80,81.0,Grand Central - 42nd St,0.042691029900332224,0.023920265780730896,0.18604651162790697,0.0024086378737541527,0.713953488372093,0.003239202657807309,0.027740863787375416
81,82.0,Park Pl,0.03625945851375585,0.4580326291387832,0.06661418011634519,0.022744171805974718,0.31636268206272145,0.005336132616017146,0.09465074574640249
82,83.0,111th St,0.09811492164433341,0.13331819214172155,0.35419032477856005,0.0035203270497388144,0.06616700734347793,0.0059050647285941405,0.33878416231357406
83,84.0,W 4th St - Washington Sq (Lower),0.032303512126396296,0.020302908322431316,0.10176612659756466,0.0011321324343363188,0.7972225017610949,0.004201469256314783,0.04307134950186173
84,85.0,51st St,0.059553864776067784,0.01787999308317482,0.16133494725920802,0.0021096316790593117,0.7358810306069514,0.001072107902472765,0.02216842469306588
85,86.0,86th St,0.08540794878222804,0.035154366816437514,0.06496712112154579,0.009564764641224906,0.7399193937173381,0.014135025165358582,0.05085137975586709
86,87.0,233rd St,0.05960293860416302,0.6314063319923037,0.02925485394437642,0.043335665558859544,0.03406506909218121,0.007302781178940004,0.19503235962917614
87,88.0,66th St - Lincoln Ctr,0.0557035782763515,0.016061156901317264,0.10241788889165566,0.0007719315720012949,0.7877188176996439,0.001593665180905899,0.03573296147812446
88,89.0,Hunts Point Ave,0.14999348421006906,0.2261413492029017,0.010251509491334,0.0645931975153121,0.012119369271534685,0.003952912558099127,0.5329481777507493
89,90.0,Canal St,0.05362872421695951,0.030863254392666156,0.08469569646040234,0.0,0.7711229946524064,0.0008148714031066972,0.05887445887445888
90,91.0,Middletown Rd,0.1285675269698211,0.05783148982657381,0.04588283490372798,0.002321452956438618,0.3677454595111293,0.005530520278574355,0.3921207155537348
91,92.0,23rd St,0.04446203575433736,0.037007718187215516,0.1525826241836533,0.004221914374299096,0.7175275413945511,0.00702552938848209,0.03717263671746157
92,93.0,Court Sq,0.0925033467202142,0.011378848728246318,0.20803212851405622,0.009370816599732263,0.5668005354752342,0.0,0.11191432396251673
93,94.0,59th St - Columbus Circle,0.054680010736608,0.02918056673952222,0.13186855324207217,0.0007669005713409257,0.7309329345450363,0.0009586257141761571,0.0516124084512443
94,95.0,Hunters Point Ave,0.07374365689965624,0.03306596824357505,0.1979047307251596,0.0057292519233917176,0.6069733180553282,0.0,0.08258307415288918
95,96.0,23rd St,0.07216222754965139,0.06945696879055138,0.11513845206413442,0.0038709393626146435,0.6714980095453845,0.0,0.06787340268766358
96,97.0,Houston St,0.04103568528161276,0.026990875650886162,0.08116371279797449,0.0003344002293030144,0.7991687765728753,0.001719772607844074,0.049586776859504134
97,98.0,104th St,0.11911235211992065,0.06370784039973547,0.376809464325079,0.007715482401352046,0.14835770446028362,0.0,0.2842971562936292
98,99.0,Broad Channel,,,,,,,
99,100.0,Ocean Pkwy,0.06287581080441267,0.009800672316651673,0.06685289522276408,0.0024620046399318214,0.8254817480232943,0.003598314473746508,0.0289285545191989
100,101.0,Vernon Blvd - Jackson Ave,0.07374365689965624,0.03306596824357505,0.1979047307251596,0.0057292519233917176,0.6069733180553282,0.0,0.08258307415288918
101,102.0,68th St - Hunter College,0.04335716974030862,0.007125831137874796,0.07733032241876804,0.0006774557771923222,0.8461422657132104,0.000301091456529921,0.02506586375611592
102,103.0,Queensboro Plz,0.1705019025185722,0.025004529806124297,0.2978800507338286,0.0041674216343540495,0.3361116144229027,0.0,0.16633448088421815
103,104.0,Rockaway Blvd,0.16451289313742845,0.036702661237977226,0.26464861037351745,0.0029503746975865935,0.21207293326252433,0.0007670974213725144,0.31834542986959347
104,105.0,Union Sq - 14th St,0.048129372988184496,0.03398161176538617,0.12812012104624043,0.003450203349973979,0.7457065206915826,0.0031032555270715675,0.03750891463156069
105,106.0,Bedford - Nostrand Aves,0.05313781141595711,0.46357615894039733,0.051718700725323245,0.036463260801009145,0.2895380006307159,0.005045726900031536,0.10052034058656575
106,107.0,15th St - Prospect Park,0.10282217276957313,0.018865061703418975,0.084058264212017,0.007788792231438398,0.7097410479465911,5.057657293141817e-05,0.07667408456402994
107,108.0,7th Ave,0.08953456598961654,0.03165133436560707,0.06731031970124783,0.0031879041807086257,0.7097640950906275,0.0,0.09855178067219236
108,109.0,Ft Hamilton Pkwy,0.061669568404655,0.08329515257032896,0.12471364427746724,0.0016494089617886923,0.6102813158618162,0.00284064876752497,0.11555026115641895
109,110.0,Church Ave,0.049612836273648916,0.058314041669992815,0.25636624890237086,0.001317154945318113,0.4858705196774966,0.0005188792208828929,0.14800031931028979
110,111.0,Beverly Rd,0.029775728794758916,0.5078858885923255,0.07175292037852266,0.02516551700232244,0.187181531422233,0.0030157024506915317,0.1752227113591459
111,112.0,Church Ave,0.05121186350589986,0.6009886254916551,0.027585840331667905,0.037206335707451896,0.10221111937918571,0.001116190071223557,0.17968002551291593
112,113.0,Newkirk Ave,0.03158898557634998,0.3048039098819883,0.19545436484284975,0.007946914610402511,0.33281678388365715,0.005920451384749871,0.12146858982000239
113,114.0,Parkside Ave,0.03680165041759558,0.6238645060393305,0.036735101320999566,0.03620270854823146,0.13645892257012612,0.0,0.12993711110371678
114,115.0,Grand Army Plaza,0.033476246156511194,0.1513576718201897,0.06911783811874757,0.027629812481053225,0.633840024251873,0.003291325624702265,0.08128708154692305
115,116.0,Atlantic Av - Barclay's Center,0.062309443036887534,0.2471335938506463,0.07987289045390132,0.029157899257096234,0.41546785760295446,0.002533602439129128,0.16352471335938507
116,117.0,Rockaway Ave,0.015244469232199293,0.7521224515089546,0.023424428332403793,0.049575509698209085,0.032967713949309044,0.0,0.12666542727892421
117,118.0,Fulton St,0.05492442951694162,0.2821791958905463,0.09251210115578386,0.025338338437222167,0.41059962461720834,0.0004939247258717772,0.13395238565642595
118,119.0,Clinton - Washington Aves,0.04246297005212168,0.36323213286610323,0.07061456462204423,0.0328926057893342,0.39709649871904357,0.0018257310285933036,0.0918754969227598
119,120.0,7th Ave,0.03992195707639202,0.125093801590875,0.06401020561308719,0.02840312171694432,0.6293336334984241,0.002138676271949572,0.11109860423232779
120,121.0,Atlantic Av - Barclay's Center,0.06357375312192538,0.23102247786271096,0.07912661772496783,0.02645122228108681,0.44085370468478013,0.0022326496632104746,0.1567395746613184
121,122.0,Atlantic Av - Barclay's Center,0.06674294431731502,0.1857996440376303,0.08854563946097127,0.01595474192728197,0.45372489193999493,0.003750317823544368,0.18548182049326215
122,123.0,Borough Hall,0.03678600993377484,0.059240480132450334,0.10570157284768211,0.007088162251655629,0.6864134933774835,0.0013451986754966887,0.10342508278145696
123,124.0,Aqueduct Racetrack,0.2628026412325752,0.10154071900220103,0.15979457079970652,0.004108584005869406,0.23668378576669113,0.0013206162876008803,0.23374908290535584
124,125.0,Morris Park,0.10089142857142858,0.1370057142857143,0.09188571428571428,0.018422857142857144,0.3086628571428571,0.0034285714285714284,0.33970285714285714
125,126.0,Pelham Pkwy,0.09138469327482913,0.14243523753269766,0.07653362585435829,0.012572778668466796,0.38123365116867775,0.0031220994008944393,0.2927179141000759
126,127.0,Nostrand Ave,0.015455746367239101,0.6414354909731396,0.04099515631880229,0.029458388375165127,0.2062087186261559,0.004315279612505504,0.062131219726992516
127,128.0,Nevins St,0.0501162313687953,0.19342267195405444,0.10980445781485026,0.005948311226582798,0.5112812799124846,0.0,0.1294270477232326
128,129.0,Eastern Pkwy - Bklyn Museum,0.03849597135183527,0.4611683079677708,0.0609892569382274,0.03860787824529991,0.3231871083258729,0.0017905102954341987,0.07576096687555954
129,130.0,Beverly Rd,0.014360078980434392,0.8393107162089392,0.013929276611021361,0.029581762699694848,0.028827858553222042,0.0015437084903966972,0.0724465984562915
130,131.0,Church Ave,0.019725615998907924,0.827247286874616,0.016620025936796123,0.03934884990785612,0.025424885673332877,0.0,0.07163333560849089
131,132.0,Newkirk Ave,0.013781697905181918,0.8623405260670972,0.02173570641045834,0.02142069617262561,0.026106473460387462,0.0025594581823909276,0.05205544180185856
132,133.0,Brooklyn College - Flatbush Ave,0.014473559738908334,0.7182385772396178,0.05746854602213603,0.02005486708920632,0.100841926024028,0.0019865670229874182,0.08693595686311607
133,134.0,Sterling St,0.03266159323251788,0.6483652872587125,0.02005421824476598,0.030930528791194435,0.20717248587386092,0.0,0.06081588659894829
134,135.0,Crown Hts - Utica Ave,0.008214114586898488,0.7371825586966938,0.009069751523033746,0.038640564035868304,0.09607091518926689,0.002635361763296598,0.10818673420494215
135,136.0,Kingston Ave,0.015075227171160435,0.49956800238343513,0.018888723372560704,0.027111574556830033,0.3331148517801281,0.0018173692834798152,0.10442425145240578
136,137.0,Nassau Ave,0.05161821521312306,0.030274241560580152,0.06042181265437963,0.005953511938691494,0.7974539236177085,0.003103426436126417,0.051174868579390714
137,138.0,Greenpoint Ave,0.05989150891176796,0.022639211779032435,0.06348942765415698,0.0004981733643307871,0.7354145909443153,0.007860068637219086,0.11020701870917746
138,139.0,Marcy Ave,0.15731462925851702,0.025082422910336803,0.026633912987264852,0.024242032452000777,0.6315211067295882,0.005527183399056177,0.12967871226323616
139,140.0,Hewes St,0.1359077532880908,0.02777610954297039,0.04110864212359618,0.027265629691910397,0.6353972734370308,0.0011410726082517566,0.13140351930814967
140,141.0,138th St - Grand Concourse,0.0987950431157558,0.44680486551310605,0.005996230940551653,0.07446747758551768,0.019930329507166923,0.012220889726457655,0.34178516361144423
141,142.0,5th Ave - 53rd St,0.04418290565309666,0.014856260852787961,0.11306193324329539,0.001543507621068879,0.7754196411344781,0.007331661200077175,0.04360409029519583
142,143.0,Lexington Ave - 53rd St,0.058210141471944046,0.015863932602130027,0.14700365601653156,0.001494198060721666,0.7507232554442855,0.0009855348911142904,0.02571928151327293
143,144.0,28th St,0.04198473282442748,0.0328764746703678,0.2113115891741846,0.0032095766828591256,0.6651197085357391,0.00034698126301179735,0.045150936849410135
144,145.0,Herald Sq - 34th St,0.047505560851604706,0.03193517635843661,0.25301874801398155,0.0034953924372418178,0.6178106132824913,0.0027804258023514457,0.0434540832538926
145,146.0,1st Ave,0.06605166890095658,0.04283020154052396,0.13744291199927292,0.0017495626093476631,0.7052100611210834,0.0005453182159005704,0.04617027561291495
146,147.0,Times Sq - 42nd St,0.054731289152654135,0.08638311902406857,0.3016815034619189,0.01813386086383119,0.4785690735245631,0.007583250906693043,0.05291790306627102
147,148.0,Metropolitan Ave,0.1885878686166387,0.02781107648046032,0.054711100455526254,0.03625029968832414,0.5099017022296811,0.005226564373052026,0.17751138815631742
148,149.0,Grand St,0.21764141898370087,0.058354397280571776,0.06236381068595834,0.0513379238211453,0.3940991894012028,0.006580667654493158,0.20962259217292775
149,150.0,Graham Ave,0.127517914574282,0.027365570163064942,0.08367657845737178,0.00214410652824014,0.6694690515149805,0.006093776448682503,0.0837330023133781
150,151.0,Bedford Ave,0.09484137931034482,0.025875862068965517,0.10620689655172413,0.01296551724137931,0.6763586206896551,0.0014344827586206896,0.08231724137931035
151,152.0,Montrose Ave,0.20698497985101966,0.12585989335287173,0.12630764847152684,0.07733952049497293,0.20686286481865918,0.015386494077420931,0.24125859893352872
152,153.0,Long Island City - Court Sq,0.062235649546827795,0.01933534743202417,0.2948640483383686,0.0,0.4561933534743202,0.0,0.1673716012084592
153,154.0,21st St,0.07374365689965624,0.03306596824357505,0.1979047307251596,0.0057292519233917176,0.6069733180553282,0.0,0.08258307415288918
154,155.0,39th Ave,0.16626196257677475,0.02128267390372804,0.3786601914012284,0.006427653192401086,0.26639051564062277,0.0029995714897871734,0.15797743179545778
155,156.0,145th St,0.13254952133056866,0.28545903736709755,0.03269069572506287,0.07731503948471347,0.15701239687651652,0.0036175938589138395,0.3113557153571271
156,157.0,157th St,0.1980858969927411,0.1935274801244383,0.02320255789837539,0.058632907016937436,0.09935620463187003,0.014193743518838576,0.41300120981679916
157,158.0,96th St,0.08771404821280133,0.08403990024937656,0.0801163757273483,0.021895261845386534,0.639833748960931,0.012302576891105569,0.0740980881130507
158,159.0,103rd St,0.09193203129439845,0.1165962605845915,0.08581333232302184,0.060713406202049666,0.5046884767659929,0.002557350963268863,0.13769914186667678
159,160.0,Central Park North (110th St),0.07844196669777494,0.48855543003094454,0.050272606709563336,0.05231101724053244,0.1371629254874994,0.001448990618399725,0.19180706321528562
160,161.0,103rd St,0.11820244455829612,0.1760594305789358,0.07388567664495352,0.08420551855375832,0.3327600087828442,0.003988875064041572,0.21089804581717045
161,162.0,72nd St,0.04801710730948678,0.01644634525660964,0.09129082426127527,0.0004860031104199067,0.8105171073094868,0.0012830482115085537,0.03195956454121306
162,163.0,81st St,0.047843212604476895,0.033720818522432514,0.07046786434816024,0.009799212220194062,0.7957536747045826,0.004275146507829763,0.03814007109232395
163,164.0,75th Ave,0.07241700724170072,0.01900050190005019,0.26865992686599266,0.0029397002939700293,0.5847135584713559,0.0,0.052269305226930525
164,165.0,86th St,0.10163465625845346,0.07299918846852417,0.08648606870966495,0.02461645476678131,0.6096147157707617,0.001352552459713259,0.10329636356610117
165,166.0,Cathedral Pkwy (110th St),0.0896635544997514,0.0691674493121927,0.10833655599138169,0.05226230594994752,0.5785039500580078,0.0023755593613612506,0.0996906248273576
166,167.0,116th St - Columbia University,0.07988866270616093,0.07614972373395372,0.17531469403016078,0.005649952224668689,0.6045033442731919,0.0036143076731336462,0.054879315358730425
167,168.0,125th St,0.04633407924180598,0.5768395419244439,0.040344872976174805,0.03708700802948532,0.15539028563906807,0.0041792812952481245,0.13982493089377385
168,169.0,135th St,0.04111829495796172,0.6320308706652015,0.029490685134548056,0.06133244742020393,0.098949681837929,0.0038843883366129154,0.13319363164754286
169,170.0,116th St,0.06321637836449798,0.5220020076102435,0.0481126129280762,0.044821065900973456,0.14412774003781778,0.0012139038681513645,0.17650629129023976
170,171.0,Tremont Ave,0.10834847675040085,0.24613575628006415,0.01851416354890433,0.04966328166755746,0.010946018172100482,0.004361304115446285,0.5620309994655265
171,172.0,137th St - City College,0.13431492842535786,0.2312474437627812,0.03296523517382413,0.0834628493524199,0.11830947511929107,0.0018813905930470348,0.3978186775732788
172,173.0,145th St,0.055804046858359956,0.6534915563669558,0.014909478168264111,0.053856686444545866,0.05148334094020995,0.004046858359957401,0.166408032861707
173,174.0,176th St,0.09751314193287505,0.2651637687019814,0.023473513950667206,0.04225636878285483,0.013890012131014961,0.004630004043671654,0.5530731904569349
174,175.0,Burnside Ave,0.09907648166412625,0.22263068232762487,0.02667443737111091,0.05072626199228907,0.011387070743297768,0.00672464807675065,0.5827804178248005
175,176.0,170th St,0.09758170958144113,0.2777119080110065,0.018702042459900228,0.03751593924073287,0.014720028634706159,0.009283908637390663,0.5444844634348225
176,177.0,168th St,0.22323143315483857,0.10246503536003977,0.02489889062111661,0.05232833999864434,0.10901737499717572,0.008698795725163244,0.47936013014302176
177,178.0,181st St,0.17597921866245606,0.04794648466018099,0.021019032581198322,0.04555255607056147,0.19830557394862391,0.008540043124671047,0.5026570909523081
178,179.0,191st St,0.1856710594418123,0.05078233865509416,0.025858979973722978,0.034020782736791814,0.21095274117131824,0.00676832424254489,0.4859457737787156
179,180.0,175th St,0.18023160651444473,0.053318602176937555,0.03750306899091579,0.05362550126851624,0.13573123823553482,0.011682625419428758,0.5279073573942221
180,181.0,Beach 44th St,0.18067603948549207,0.6082859706850134,0.011067903081064912,0.03440023930601256,0.08450493568650912,0.0,0.08106491175590787
181,182.0,Beach 60th St,0.12352516253310859,0.5506862509029617,0.05128822537924392,0.026246087165904167,0.09318564892848544,0.010113171201541055,0.1449554538887551
182,183.0,Beach 98th St,0.200478040035853,0.3250672243800418,0.04601135345085151,0.037048102778607706,0.2930982969823723,0.0,0.09829698237227368
183,184.0,Rockaway Park - Beach 116 St,0.07253437263180687,0.08595864458157411,0.05770271733246725,0.005088232109992422,0.6782505142362238,0.0,0.10046551910793548
184,185.0,Beach 36th St,0.16732696341179212,0.5569797250058262,0.0020974131903985084,0.057096247960848286,0.09811232812864135,0.0,0.11838732230249359
185,186.0,Beach 25th St,0.167192429022082,0.5208687211841786,0.02996845425867508,0.013224945401601552,0.1565760737685028,0.0,0.11216937636495997
186,187.0,Parsons Blvd,0.12011322147926325,0.1656069245600361,0.3144357386060631,0.01686015506419986,0.0349920006563564,0.006440497189974156,0.34155146244410717
187,188.0,169th St,0.09157551333717137,0.1381692573402418,0.4896564958741125,0.010132412204951065,0.02939934753406256,0.00602571483400499,0.23504125887545577
188,189.0,103rd St - Corona Plaza,0.38571007423686116,0.013453756063570337,0.10856805938948892,0.02170825181572106,0.014740170985983438,0.013373355130919518,0.44244633237745556
189,190.0,111th St,0.4130385960409381,0.03920562096955308,0.09365074272514357,0.023099874875677755,0.03051108473162437,0.005037056049279733,0.39545702460778337
190,191.0,63rd Dr - Rego Park,0.12105586249232658,0.03769183548189073,0.2823818293431553,0.01387354205033763,0.4571516267648864,0.0019030079803560467,0.08594229588704727
191,192.0,Grant Ave,0.2097863080957429,0.3621045583886626,0.19533560229872232,0.018914244267142777,0.055459465491268206,0.003515036545221224,0.15488478491323998
192,193.0,79th St,0.0523013994530873,0.03164280625962267,0.07702736861456443,0.0105705816117839,0.7921272146517453,0.002045177746627755,0.034285451662568654
193,194.0,Atlantic Ave,0.08428518791451732,0.6413964627855564,0.004974207811348563,0.028187177597641857,0.018238761974944732,0.0,0.22291820191599115
194,195.0,Christopher St - Sheridan Sq,0.04327387304975352,0.017075773745997867,0.0844132743812573,0.0024393962494282666,0.8096762717893988,0.0034049905981602888,0.039716420186003965
195,196.0,Ozone Park - Lefferts Blvd,0.08492491947557047,0.18581862722859865,0.2795445266070862,0.00013609762736469628,0.038016603910538495,0.007077076622964206,0.40448214852787734
196,197.0,Times Sq - 42nd St,0.11270456253975597,0.06829352917365408,0.20592147111548026,0.010813624009714914,0.5290580003469612,0.0026600358526571444,0.07054877696177644
197,198.0,W 8th St - NY Aquarium,0.03238664673642252,0.020286141362374548,0.009538045412484875,0.0,0.9244074311338886,0.00042707666026051675,0.012954658694569009
198,199.0,28th St,0.07338169642857142,0.028273809523809524,0.22307477678571427,0.006928943452380952,0.6108630952380952,0.0008370535714285714,0.056640625
199,200.0,28th St,0.07412554407677382,0.03434894331113325,0.1762546541507158,0.0016256751796108867,0.6285594420263254,0.0004195290786092611,0.08466621217683151
200,201.0,Pelham Bay Park,0.14600930873987245,0.03861403206343734,0.09584554387174625,0.010515428374418203,0.32684019996552316,0.002930529219100155,0.37924495776590245
201,202.0,Westchester Sq - E Tremont Ave,0.11173425366695428,0.07477710670117918,0.2620074777106701,0.02818521714121369,0.07017543859649122,0.006758700028760426,0.4463618061547311
202,203.0,18th St,0.07666014473963367,0.029301525187996513,0.1106527427453384,0.007873458900073077,0.7090120459206525,0.003889582989557059,0.06261049951674878
203,204.0,Grand Central - 42nd St,0.05986356239829766,0.026567780698460382,0.1925147077231193,0.00043810239078733256,0.6917636750531981,0.0,0.02885217173613719
204,205.0,Beach 67th St,0.12769362065286963,0.583315553659057,0.05749946660977171,0.015148282483464903,0.11105184553018989,0.004480477917644549,0.10081075314700234
205,206.0,W 4th St - Washington Sq (Upper),0.032303512126396296,0.020302908322431316,0.10176612659756466,0.0011321324343363188,0.7972225017610949,0.004201469256314783,0.04307134950186173
206,207.0,85th St - Forest Pky,0.3652869616045008,0.032002338070361305,0.1823329558323896,0.011873013553501626,0.14627552697914004,0.005881708252657728,0.25634749570744897
207,208.0,Woodhaven Blvd,0.32336402397577707,0.04844590001853797,0.16270160044491133,0.022369152814682075,0.1341531236482729,0.0022863498733238586,0.3066798492244948
208,209.0,111th St,0.1927028324531925,0.06797887662025924,0.22957273163706193,0.009073451752280364,0.1725876140182429,0.003696591454632741,0.32438790206433027
209,210.0,121st St,0.17368193337041846,0.06551702824649237,0.30026577662401877,0.0048210643426664194,0.23672662092836394,0.005995426169726188,0.21299215031831387
210,211.0,Halsey St,0.4276302072474042,0.10708477544722905,0.053125390934489806,0.08281556232017014,0.14874275468078896,0.0012509903673741712,0.17935031900254367
211,212.0,Myrtle - Wyckoff Aves,0.4686573422384618,0.06298481535835156,0.09359369852346582,0.0968881967114918,0.11120428883764114,0.0037736979244661416,0.16289796040612178
212,213.0,New Lots Ave,0.10242496184500594,0.7161268441580465,0.010118139166807982,0.05799559097846362,0.018370923068226783,0.002826295856650274,0.09213724492679894
213,214.0,Van Siclen Ave,0.09713977334052887,0.5774419859686994,0.020927025244348505,0.04371289800323799,0.011632787671643581,0.012772081309588056,0.2363734484619536
214,215.0,Cleveland St,0.3610934923252569,0.26373208169478624,0.06253964226817202,0.06767728022326526,0.027210452873271597,0.0006342762907522517,0.21711277432449574
215,216.0,Livonia Ave,0.06109255468160758,0.7270768236181446,0.0025859282404913264,0.06987393599827604,0.0026936752505117983,0.003178536795603922,0.1334985454153647
216,217.0,Junius St,0.06557090400419653,0.6938625633852072,0.012974296205630355,0.07018709564609198,0.0034971148802238152,0.005560412659555866,0.14834761321909426
217,218.0,Rockaway Ave,0.0537066867738287,0.7387325633204236,0.0178908044007266,0.060321486102066696,0.006203516468451177,0.0035644514514857595,0.11958049148301744
218,219.0,Canarsie - Rockaway Pkwy,0.03223856538384042,0.7899455974209147,0.019544630263953255,0.008966350997380617,0.08926052790650817,0.0,0.06004432802740278
219,220.0,E 105th St,0.034585189900275835,0.7987481434330576,0.008805431784426056,0.019732654360280075,0.03278166772756206,0.0019096117122851686,0.1034373010821133
220,221.0,Saratoga Ave,0.026163279018982025,0.8748950109188645,0.012514698471358979,0.024735427515538384,0.01852007391231312,0.0033596505963379808,0.03981185956660507
221,222.0,Sutter Ave - Rutland Road,0.019398413571035892,0.8615016099897903,0.010248959396842849,0.03007932144820545,0.016178433990418597,0.004555093065263489,0.058038168538443416
222,223.0,New Lots Ave,0.05412391321375421,0.7505287068222761,0.00360303908514138,0.07080755071669147,0.0008615963029685909,0.005169577817811546,0.11490561604135663
223,224.0,Broadway Junction,0.060437109723461196,0.6001338090990187,0.014830508474576272,0.04527207850133809,0.041480820695807316,0.0,0.23784567350579838
224,225.0,Alabama Ave,0.20285070059590915,0.3875020132066355,0.01707199226928652,0.040103076179739086,0.024963762280560478,0.003462715413110002,0.3240457400547592
225,226.0,Shepherd Ave,0.19290508149568553,0.5633748801534036,0.028092042186001916,0.049664429530201344,0.015771812080536914,0.0087248322147651,0.14146692233940555
226,227.0,Crescent St,0.38334697696175885,0.18617705531516782,0.08349900596421471,0.07500097454488754,0.041710521186605856,0.00194908977507504,0.22831637625229018
227,228.0,Cypress Hills,0.3457477665622462,0.1461886529759833,0.032486367327996285,0.08771319178558998,0.05232625594616545,0.0008121591831999072,0.33472560621881886
228,229.0,75th St - Eldert Ln,0.3475476640954737,0.07844564110027652,0.1549992723038859,0.040896521612574586,0.10013098530053849,0.00545772085577063,0.27252219473148015
229,230.0,69th St,0.21283172496984318,0.011987334137515078,0.5231076598311218,0.007350723763570567,0.11060012062726177,0.0,0.13412243667068757
230,231.0,74th St - Broadway,0.25364280791572313,0.008048636408388304,0.4462439696760855,0.0034951265137343705,0.15166879984247317,0.0049965541006202615,0.1319041055429753
231,232.0,Woodhaven Blvd - Queens Mall,0.19579233118425518,0.022347181152746132,0.497842842600223,0.002181395123370013,0.1809103688981531,0.004265839352368026,0.09666004168888458
232,233.0,Myrtle - Wyckoff Aves,0.463022673923698,0.057033043567983076,0.09928547475946037,0.09162431965331339,0.11540743415791782,0.003250187014729022,0.17037686692289833
233,234.0,Seneca Ave,0.4552135115941581,0.016148454626856455,0.09596443017260012,0.032204279494859045,0.2521999567727792,0.00494025380553926,0.14332911353320776
234,235.0,DeKalb Ave,0.3679068679068679,0.03463203463203463,0.0957060957060957,0.07379782379782379,0.17368667368667368,0.0033052533052533055,0.25096525096525096
235,236.0,52nd St,0.25406703788623214,0.009444262474069222,0.30057866579320885,0.001473960039305601,0.3399388579539251,0.004858609018451796,0.08963860683480729
236,237.0,46th St,0.20082660154048468,0.06138455758031185,0.20387939132068383,0.009111403343978959,0.42828292316362954,0.0024422318241593085,0.09407289122675183
237,238.0,Northern Blvd,0.2536075522589346,0.07410654079568442,0.34356035064059337,0.007552258934592044,0.2227242076871207,0.0050573162508428865,0.09339177343223196
238,239.0,46th St,0.30138014203403457,0.008441645450891063,0.24877395149403725,0.006699718611818304,0.32520434141766047,0.003108669435883693,0.10639153155567466
239,240.0,82nd St - Jackson Hts,0.3628494365107575,0.013507014866079829,0.2920735149601689,0.009450728667907249,0.13948188261860456,0.00830075062203358,0.17433667175444834
240,241.0,90th St - Elmhurst Av,0.4620333996152416,0.01545500105081074,0.24685969251661088,0.00969979145448373,0.06403478991868342,0.004235575601791228,0.19768174984237838
241,242.0,Howard Beach - JFK Airport,0.0752850666300316,0.00838027201538673,0.03118560241791455,0.004121445253468883,0.8083527957136969,0.0,0.0726748179695013
242,243.0,Aqueduct - North Conduit Av,0.36481670061099797,0.08884928716904276,0.0560081466395112,0.003309572301425662,0.29633401221995925,0.0,0.19068228105906312
243,244.0,Briarwood - Van Wyck Blvd,0.09064457266854072,0.08674853282043694,0.2891453370814223,0.00818661537702816,0.2403708635399714,0.004635794249642452,0.280268284262958
244,245.0,Forest Hills - 71st Av,0.07120374308804764,0.050446618460229686,0.23845172267120374,0.0011909825606125054,0.5854529987239473,0.0011059123777116121,0.05214802211824755
245,246.0,Sutphin Blvd,0.11371213479118121,0.1062556013622513,0.2973651191969887,0.00788671804982972,0.08772181394515147,0.0027245025990320845,0.3843341100555655
246,247.0,Jamaica Ctr - Parsons / Archer,0.19085379100586575,0.18390180317184446,0.17499456875950467,0.014229850097762328,0.020964588311970456,0.014012600477949163,0.4010427981751032
247,248.0,225th St,0.05746563889228761,0.6681349157795995,0.017700558750356865,0.03462620824666585,0.03083323137158938,0.005302010685590767,0.18593743627391002
248,249.0,Elder Ave,0.14597223311632285,0.2444113263785395,0.015491411091065966,0.03682641775825555,0.004196407561377363,0.007647658639893325,0.5454545454545454
249,250.0,Longwood Ave,0.1017458821417351,0.1812755262331134,0.01893990395404156,0.06786050895381715,0.012342354472420448,0.0022889457385216103,0.6155468785063507
250,251.0,Astoria Blvd,0.1321566518359165,0.021854984598836356,0.1499535520461546,0.00268909206473378,0.5685229550677162,0.0007822813279225541,0.12404048305872
251,252.0,Astoria - Ditmars Blvd,0.13264403148432768,0.016114759442969587,0.14167947464021238,0.004284849331656653,0.6253551301755856,0.0025615947091425645,0.07736016021610545
252,253.0,Jackson Ave,0.09542406602313758,0.26998747328863015,0.01333726328199838,0.05533858963967283,0.01042664505194901,0.002947461498784172,0.5525385012158278
253,254.0,Prospect Ave,0.10278389853281024,0.26871607459558233,0.006180469715698393,0.04750900198849895,0.01397323587897028,0.002230343419143333,0.5586069758692965
254,255.0,Cypress Ave,0.14233755333286705,0.2898510176960201,0.0038469609008882984,0.07015457788347206,0.02434077079107505,0.008323424494649227,0.4611456949010282
255,256.0,174th St,0.10136895194812393,0.24729812115501856,0.010197860666186333,0.03347558609987253,0.008812281771324058,0.0025494651665465833,0.596297733192928
256,257.0,Allerton Ave,0.12696750658650274,0.3280078362494089,0.0423900560697156,0.03668175369857461,0.10528271296358846,0.003580355333378369,0.35708977909883133
257,258.0,E 143rd St - St Mary's St,0.1315679442508711,0.2700348432055749,0.002229965156794425,0.06341463414634146,0.014634146341463415,0.009547038327526132,0.5085714285714286
258,259.0,Kingsbridge Rd,0.10088358736470068,0.13311243649215818,0.07397835210956483,0.024674177159266623,0.029622266401590457,0.005897945659377071,0.6318312348133421
259,260.0,Bedford Park Blvd - Lehman College,0.0948178553104156,0.19326150162476483,0.04802462801436634,0.03540277065161621,0.12262698819907646,0.006943731828288011,0.49892252437147255
260,261.0,Harlem - 148 St,0.054673986613521845,0.6239753327818305,0.01417612995412499,0.05636609761600361,0.06403700082725426,0.005941189742047079,0.18083026246521772
261,262.0,Mt Eden Ave,0.09259752363200639,0.3375271823547686,0.014822704477876892,0.033018239914791636,0.01804020769538011,0.005880264500954156,0.49811387742422225
262,263.0,Fordham Rd,0.08036553721183859,0.20458049716069346,0.03813320296340867,0.029013576021962317,0.026136662780640064,0.008724756496558987,0.6130457673648979
263,264.0,170th St,0.1079312346148458,0.3135469409810475,0.016190685852662756,0.03334200572377769,0.010727079872715992,0.004723117257389877,0.5135389356975604
264,265.0,Bedford Park Blvd,0.08564111944393635,0.13411377355039328,0.045436253886958114,0.03427839765867935,0.13016279495152736,0.005450887141027986,0.5649167733674776
265,266.0,Marble Hill - 225th St,0.1358574610244989,0.18045799782993546,0.01576152132945006,0.05596482211181543,0.07321112443606875,0.002055850608189138,0.5366912226600422
266,267.0,231st St,0.11957533449680047,0.1609365910413031,0.023502036067481094,0.04470622454915649,0.11719022687609075,0.004595695171611402,0.5294938917975567
267,268.0,215th St,0.1972757705182962,0.07537804455731272,0.022855823617684404,0.03870868444341837,0.17007195351879642,0.008965331486398092,0.4867443918580938
268,269.0,207th St,0.21928379992896121,0.05373115050534406,0.016758694178049018,0.04791888662856405,0.08004778972520908,0.007297620200846008,0.5749620588330265
269,270.0,Inwood - 207th St,0.21157455193769353,0.04576803978605611,0.024889743830346252,0.03753401520127616,0.1571971474148447,0.006310406305714554,0.5167260955240687
270,271.0,Van Cortlandt Park - 242nd St,0.18156510980513454,0.03433343643674606,0.07206928549334983,0.008042066192390968,0.4741725951128982,0.0,0.22981750695948036
271,272.0,West Farms Sq - E Tremont Av,0.11520156774916013,0.22163120567375885,0.004059350503919373,0.030235162374020158,0.008725270623366928,0.0,0.6201474430757745
272,273.0,219th St,0.055332338422683966,0.6941797727011824,0.009068993226954425,0.03139708414648146,0.025140626793709105,0.00011479738261967628,0.18476638732636896
273,274.0,Mosholu Pkwy,0.1394404332129964,0.1343476018566271,0.11397627643115008,0.048414130995358434,0.15039969056214544,0.0023207839092315627,0.411101083032491
274,275.0,Norwood - 205th St,0.09462537344336971,0.12290354068684001,0.10344011595231757,0.03741828615375514,0.1371313633271216,0.009731712367261218,0.49474960806933477
275,276.0,Burke Ave,0.10956992430329429,0.44923246077726564,0.042246373747198376,0.031758785469615594,0.04254239438406563,0.010572165602401996,0.3140778957161585
276,277.0,Baychester Ave,0.05025289606787404,0.6838799151574482,0.008973731440691793,0.032794909446891826,0.021700114211127428,0.01435797030510687,0.18804046337085983
277,278.0,Eastchester - Dyre Ave,0.05094813799405986,0.7614804660726525,0.002513136851724926,0.0210189627598812,0.039753255654557916,0.03221384509938314,0.09207219556774046
278,279.0,Jamaica - 179th St,0.09410961575970353,0.11288277745270138,0.4387068461088356,0.016871464794226642,0.0763116832455627,0.02321045445679735,0.2379071581821728
279,280.0,Wakefield - 241st St,0.05965774045317699,0.6435588654729837,0.030977658057360163,0.01909364601489463,0.07407700839803517,0.00324829662494058,0.1693867849786088
280,281.0,Botanic Garden,0.02687816699713593,0.626386134978336,0.04476022618785342,0.033083645443196,0.19784093412645956,0.004920320188000294,0.06613057207901887
281,282.0,Bushwick - Aberdeen,0.07703654039557492,0.5425410660408985,0.014683204827355011,0.03741200134093195,0.050486087831042574,0.0007375125712370097,0.2771035869929601
282,283.0,Broadway Junction,0.10442329227323628,0.5349010824934677,0.020530048525569243,0.0427398282941396,0.043766330720418065,0.0,0.2536394176931691
283,284.0,Gun Hill Rd,0.0597366158302032,0.6403131646829886,0.02461872652396253,0.025478571751821513,0.027515047291487533,0.009594062542426575,0.21274381137711001
284,285.0,E 180th St,0.12248953974895398,0.23718619246861924,0.025209205020920503,0.03331589958158996,0.022489539748953975,0.002196652719665272,0.5571129707112971
285,286.0,Dyckman St,0.20936343344729183,0.06165060887746165,0.025202723702427033,0.051563868561579976,0.08962224168620914,0.006752747718475405,0.555844376006555
286,287.0,125th St,0.06395098526246067,0.3434343434343434,0.10859413810233483,0.0476568968372247,0.16757741347905283,0.0014240768339128995,0.26736214605067066
287,288.0,Franklin Ave - Fulton St,0.01884241656104774,0.5339670468948036,0.055893536121673006,0.029573299535276723,0.27313054499366285,0.005449936628643853,0.08314321926489227
288,289.0,149th St - Grand Concourse,0.08682473393506668,0.42044995284925235,0.007072612151421258,0.046275090933584805,0.023508015627104945,0.007948268893978176,0.4079213256095918
289,290.0,3rd Ave - 149th St,0.1210161497784765,0.2798699442618265,0.006324138916678577,0.0498070601686437,0.017400314420465916,0.005037873374303272,0.5205445190796055
290,291.0,167th St,0.1058207576224207,0.2693357971460836,0.020675495329021663,0.04243917462272867,0.014557026999281387,0.005420388050508161,0.5417513602299558
291,292.0,Brook Ave,0.17383032921678007,0.24270467223422434,0.007255022087511689,0.054203076129365105,0.010382742720794506,0.007093799374455873,0.5045303582368684
292,293.0,33rd St,0.31026607285600094,0.009934909215484755,0.297933082105744,0.020897567660157587,0.276121959575197,0.0020554984583761563,0.08279091012903962
293,294.0,40th St,0.25253106304647954,0.01142813314925602,0.22695198650099707,0.01227182083141586,0.39772204325816846,0.0010354348826507134,0.09805951833103237
294,295.0,145th St,0.07909795557405191,0.46319513083285646,0.02400769911044062,0.06523435467929044,0.12360193518181345,0.006424595536596785,0.23843832908495033
295,296.0,155th St,0.08782908933966335,0.4710293482952093,0.014404402244281399,0.08982520500647388,0.06409149762624083,0.009548985757444972,0.2632714717306862
296,297.0,161st St - Yankee Stadium,0.12701460589272223,0.24716696046335934,0.01617980357592546,0.06742634097204735,0.026158398388315286,0.00547720977083858,0.5105766809367918
297,298.0,Utica Ave,0.009211576122434176,0.7816783926887648,0.023681729165155582,0.03332849786030318,0.06252266627982882,0.002647421484006673,0.08692971639950678
298,299.0,Steinway St,0.167944870512393,0.02282242228891112,0.18802563817568818,0.007039383498203104,0.48519876996035716,0.0015190248601385647,0.12744989070430884
299,300.0,Kosciuszko St,0.20999165043139437,0.4455422580944429,0.03817608312459412,0.0928657574914185,0.11605900361814639,0.009741163373225717,0.08762408386677799
300,301.0,Gates Ave,0.20685084703640808,0.4666362920929462,0.051733421695729614,0.09340181419044857,0.09493434950089052,0.0030650706208839,0.08337820486269312
301,302.0,Central Ave,0.344375,0.13546875,0.028625,0.10859375,0.16153125,0.01159375,0.2098125
302,303.0,Knickerbocker Ave,0.3836383819087694,0.07297932209515451,0.08193716601698635,0.11771691147998038,0.12411905929731265,0.007305676743165449,0.2123034824586313
303,304.0,30th Ave,0.15414338531676536,0.015595029605537486,0.16851527534539792,0.009006755066299724,0.5429627776387846,0.0007783615489394824,0.10899841547827538
304,305.0,Jefferson St,0.32625730160991595,0.08567222301372465,0.05580092130882842,0.050529515125611435,0.1892007408462744,0.003229329914042836,0.2893099681816023
305,306.0,Morgan Ave,0.23293027297082036,0.08225327637390485,0.03786836579538049,0.04720874665122004,0.2650061545145174,0.004416769241908623,0.3303164144522482
306,307.0,Queens Plz,0.31474480151228734,0.035916824196597356,0.09829867674858223,0.013232514177693762,0.2448015122873346,0.0,0.29300567107750475
307,308.0,18th Ave,0.01486665405712124,0.01747682996027993,0.06173633440514469,0.00018914318138831096,0.8068848118025346,0.0016644599962171364,0.09718176659731417
308,309.0,77th St,0.08636773999398134,0.008727053866987662,0.13893068512388404,0.0023573076537265524,0.6455010532651219,0.008024877119069114,0.11009128297722941
309,310.0,Bay Ridge Ave,0.10659638708356789,0.017604012077171077,0.1932347372191802,0.0023540248707845045,0.48943247530832606,0.012691264520751241,0.17808709892021904
310,311.0,50th St,0.050310669270371026,0.010367477365524588,0.1053080063909107,0.005325758920646192,0.7513580685247648,0.0,0.0773300195277827
311,312.0,Ft Hamilton Pkwy,0.0445311806972412,0.004124900204027322,0.5449303645879535,0.0017741506253880954,0.36387829326709836,0.0,0.04076111061829149
312,313.0,25th Ave,0.04121872438895049,0.0017355252374294944,0.47447331629947453,0.002651496890517283,0.3911681049028588,0.002265824615532951,0.08648700766523647
313,314.0,Bay Pky,0.029440228187235778,0.00534813833851169,0.2987317271940101,0.0,0.5619620027504711,0.000865889064330464,0.10365201446544084
314,315.0,20th Ave,0.06118163596449365,0.0028634150997422928,0.3626992459673571,0.0004295122649613439,0.5130285387038275,0.0007158537749355732,0.05908179822468264
315,316.0,18th Ave,0.08655839668279199,0.009444828380557475,0.3891960377793135,0.0014973508408200875,0.4410274130384704,0.002073255010366275,0.07020271826768026
316,317.0,Bay Ridge - 95th St,0.0896219529995621,0.02262443438914027,0.17257821242640978,0.002530044275774826,0.637425193402423,0.0,0.07522016250669002
317,318.0,86th St,0.10095113481958633,0.02395450656735947,0.1444315837149615,0.0023149313069296966,0.6161743243923306,0.0,0.11217351919883246
318,319.0,79th St,0.06751054852320675,0.008865021523249372,0.4422708093594169,0.0016195712398244045,0.39291650684055746,0.001832672718748668,0.08498486979499638
319,320.0,71st St,0.09570690042706226,0.008766014834794335,0.43371544167228593,0.0029669588671611597,0.3801303663744662,0.0032816363227691618,0.075432681501461
320,321.0,20th Ave,0.02042214912280702,0.006510416666666667,0.34066611842105265,0.0005482456140350877,0.5158991228070176,0.0,0.11595394736842106
321,322.0,18th Ave,0.06292099215468738,0.00733021634043902,0.37522783104841906,0.003209446073381409,0.39745621681591253,0.0006339646564704018,0.15322133291069023
322,323.0,62nd St,0.0367746704447456,0.008069483799433287,0.26758654675372673,0.0021559689540470617,0.6204878649747444,0.002217568067019835,0.06270789700628311
323,324.0,New Utrecht Ave,0.06116622987645077,0.00842381130662673,0.3055503556720329,0.0016379633096218645,0.5454885810557843,0.0021059528266566827,0.07562710595282665
324,325.0,Ave U,0.06283863039714015,0.004915377311065184,0.2819639166620119,0.000726135284589175,0.5699044852817964,0.006144221638831481,0.07350723342456572
325,326.0,Kings Hwy,0.08749829769848835,0.007898679014026964,0.1600163420945118,0.0008171047255889964,0.6895682963366472,0.005379272776794226,0.04882200735394253
326,327.0,Brighton Beach,0.07019109830811052,0.0062482249360976995,0.10419117945388891,0.005720777376556985,0.7626891710958738,0.0030835395788534102,0.04787600925061874
327,328.0,Sheepshead Bay,0.044612029801926224,0.05251680901326549,0.2001635471560967,0.004270397964746502,0.6484644739233145,0.0004542976558240959,0.04951844448482646
328,329.0,Ave U,0.06353824992064332,0.00883504391069728,0.3340387260607343,0.0005819490001058089,0.5250767114591048,0.0011638980002116178,0.0667654216485028
329,330.0,Kings Hwy,0.04334242717592185,0.010604593857256006,0.11361436240429464,0.0009240517468978263,0.7619906714776028,0.0007480418903458594,0.06877585144768107
330,331.0,Ave U,0.045121392579019697,0.007100320659642693,0.4391319285387082,0.0031493357764544204,0.4115895556573523,0.004008245533669262,0.08989922125515346
331,332.0,Kings Hwy,0.0654478111824737,0.009771858623271209,0.35249615824106545,0.002679380590251783,0.5004925331967375,0.0,0.0691122581662004
332,333.0,Neptune Ave,0.025374855824682813,0.0064077918749199025,0.007881584006151481,0.0,0.9552736127130591,0.0,0.005062155581186723
333,334.0,Ave X,0.05920373689642062,0.018575851393188854,0.16783444679810983,0.002335560262886318,0.689967953940579,0.004779751235674325,0.05730269947314106
334,335.0,Bay 50th St,0.06897971790384022,0.24853289405950788,0.24503243076289508,0.015237310820549778,0.2840523010398435,0.0,0.13816534541336353
335,336.0,Gravesend - 86th St,0.05725752508361204,0.1597324414715719,0.35719063545150503,0.01096989966555184,0.2762541806020067,0.0046822742474916385,0.13391304347826086
336,337.0,Ave P,0.07696424748447869,0.01594947548704774,0.16126097195461359,0.00042817383857846286,0.6667201883964889,0.005780346820809248,0.0728965960179833
337,338.0,Ave N,0.02452651515151515,0.012878787878787878,0.16832386363636365,0.0,0.7081439393939394,0.0038352272727272727,0.08229166666666667
338,339.0,Bay Pky,0.013936468389909685,0.004204297726564933,0.11156960448458424,0.0014792899408284023,0.8093273123637497,0.0,0.05948302709436313
339,340.0,Ave M,0.03275510711267956,0.01853968885133456,0.07157413390327551,0.0,0.7908941796311943,0.0002485212982752622,0.08598836920324071
340,341.0,Bay Pky,0.06665265812145409,0.005631435175457029,0.37289346501365833,0.0,0.49955873082580377,0.0009245639840302584,0.05433914687959655
341,342.0,Ave I,0.010278578290105667,0.0037463976945244955,0.07627281460134486,0.0009606147934678194,0.8565802113352545,0.0,0.05216138328530259
342,343.0,Ave J,0.03007518796992481,0.04915273257771294,0.230052743799798,0.0008416563797553585,0.6118841880821456,0.002524969139266076,0.07546852205139715
343,344.0,Ave H,0.02695842787370688,0.19255470522632004,0.21093719955389761,0.0028458254816751912,0.48313656116601933,0.0006153136176595008,0.08295196708072146
344,345.0,Neck Rd,0.05122036567229464,0.021214241973580614,0.370265068672907,0.002843145831510804,0.4881025282127548,0.0009622955122036567,0.06539235412474849
345,346.0,21st St - Queensbridge,0.18917155903457272,0.31789519460752336,0.16688410524026961,0.02989780387040661,0.1050228310502283,0.0182648401826484,0.17286366601435094
346,347.0,50th St,0.08893462469733657,0.04443099273607748,0.15203389830508474,0.007142857142857143,0.6190799031476998,0.00414043583535109,0.08423728813559322
347,348.0,7th Ave,0.07117495158166559,0.0245857542500538,0.18076178179470626,0.007155153862707123,0.6602646868947708,0.0035506778566817302,0.05250699375941468
348,349.0,47th-50th Sts - Rockefeller Ctr,0.0813712807244502,0.07425614489003882,0.19210866752910738,0.013583441138421734,0.5780077619663648,0.005692108667529107,0.054980595084087966
349,350.0,57th St,0.054713804713804715,0.016758494031221306,0.1475359657177839,0.0016069788797061523,0.7468625650443832,0.0039026629935720843,0.02861952861952862
350,351.0,Lexington Ave - 63rd St,0.04439701173959445,0.01536819637139808,0.0728210601209534,0.0006403415154749199,0.8543578797580932,0.00042689434364994664,0.011988616150836002
351,352.0,Roosevelt Island - Main St,0.07299097930546548,0.10270620836035611,0.20859619126230763,0.0015918872707977123,0.5417133423736809,0.004657744236778492,0.06774364719061376
352,353.0,59th St - Columbus Circle,0.054680010736608,0.02918056673952222,0.13186855324207217,0.0007669005713409257,0.7309329345450363,0.0009586257141761571,0.0516124084512443
353,354.0,49th St,0.0932021342942277,0.05446607996673827,0.18384034370452498,0.01053288060425473,0.55290693645624,0.009077679994456378,0.0959739449795579
354,355.0,57th St,0.05902866813682753,0.03405302836042874,0.1425714139186625,0.0009744089440484128,0.7022411405713114,0.0013334017129083542,0.05979793835581312
355,356.0,5th Ave - 59th St,0.0343690019193858,0.008517274472168906,0.11744241842610365,0.0002999040307101727,0.8222168905950096,0.0015595009596928982,0.015595009596928982
356,357.0,Lexington Ave - 59th St,0.049266247379454925,0.022818900177390744,0.09583131752943073,0.000725689404934688,0.8180938558297048,0.0004837929366231253,0.012780196742460894
357,358.0,34th St - Penn Station,0.06171540254078028,0.06412087499060362,0.26069307674960535,0.0033826956325640834,0.557017214162219,0.003082011576336165,0.04998872434789145
358,359.0,Times Sq - 42nd St,0.09350620810899901,0.0906493791891001,0.27777167344247883,0.017360729590154927,0.4540160421931656,0.00505438962751346,0.061641577848588064
359,360.0,Fulton St,0.046828286416244855,0.030903116952313292,0.20649439066986355,0.0011544267827013587,0.6709587662433768,0.0010656247224935618,0.04259538821300654
360,361.0,Chambers St,0.04216763998625902,0.0253778770182068,0.15188079697698387,0.0021899690827894194,0.7091205771212642,0.0004294057025077293,0.06883373411198901
361,362.0,42nd St - Port Authority Bus Term,0.11625037391564463,0.06674394256655698,0.18456476218965,0.00822614418187257,0.5277819323960514,0.005010469638049656,0.0914223751121747
362,363.0,Myrtle-Willoughby Aves,0.12065217391304348,0.42643478260869566,0.021260869565217392,0.07126086956521739,0.16552173913043478,0.004869565217391304,0.19
363,364.0,Flushing Ave,0.08727327349881708,0.17571069135153405,0.009838897442637726,0.041195688910586205,0.5406887228209847,0.0043937061098802055,0.1408990198655601
364,365.0,23rd St,0.05880242528611918,0.025365048613353425,0.15925806335880602,0.002834284074193664,0.7022925411688731,0.003982348509310085,0.047465288989344524
365,366.0,Herald Sq - 34th St,0.044989775051124746,0.032272494887525566,0.2393916155419223,0.0028118609406952966,0.6389953987730062,0.0022367075664621676,0.039302147239263806
366,367.0,Hoyt - Schermerhorn Sts,0.07026135367802464,0.14882210423217693,0.07572555286354966,0.009433475952368679,0.5168823135213155,0.001340275271921233,0.17753492448064334
367,368.0,Jay St - MetroTech,0.0479275242316497,0.11226925137596805,0.1293653499585992,0.00628318153036871,0.5720130534313964,0.0017047391749062393,0.1304369002971117
368,369.0,East Broadway,0.047826737647788255,0.05058473905885874,0.5895281465802921,0.0025014431402732348,0.16967053642058452,0.0013041712098860454,0.13858422594231715
369,370.0,Delancey St - Essex St,0.08657614781634938,0.05538447181784248,0.3861748786860769,0.011128219484882419,0.31865901455767076,0.0020996640537514,0.13997760358342665
370,371.0,Lower East Side - 2nd Ave,0.07167090754877015,0.0415829650462033,0.24697558144725681,0.006673809204946208,0.5432346770233472,0.002343645372974421,0.08751841435650194
371,372.0,Flushing Ave,0.14964028776978416,0.30166695911563435,0.10029829794700824,0.06116862607474995,0.13802421477452184,0.017125811545885244,0.2320758027724162
372,373.0,Myrtle Ave,0.15115067303517152,0.3818063395570994,0.034259661311333046,0.07611810681719497,0.11771602257924446,0.011636995223621363,0.2273122014763352
373,374.0,4th Av - 9th St,0.11095381348433905,0.06240783342181325,0.08488173184687076,0.010440629976995222,0.5909868459859612,0.0014156786409485046,0.13891346664307203
374,375.0,Smith - 9th Sts,0.10523627075351213,0.02937420178799489,0.06832694763729247,0.0,0.6527458492975734,0.0,0.14431673052362706
375,376.0,Bergen St,0.057671101962802326,0.08729691979710358,0.05825920752775123,0.0057707858560611626,0.6450047783577152,0.0006616187605675218,0.14533558773799898
376,377.0,Jay St - MetroTech,0.04567636150692953,0.1259027913332032,0.13605309389029865,0.007287396707658273,0.5382913657362223,0.0022773114711432106,0.14451167935454487
377,378.0,Court St,0.042403746097814776,0.052115851543531044,0.10345126604231702,0.004335761359694762,0.7149236906000693,0.0019944502254595907,0.08077523413111343
378,379.0,Union Sq - 14th St,0.045925679053491084,0.020796533911014832,0.13401099816697218,0.0033994334277620396,0.7557407098816864,0.0040659890018330275,0.03606065655724046
379,380.0,23rd St,0.05783726986157431,0.040294211704509114,0.15985198044679977,0.003700488830005939,0.6978847823107497,0.005939056146923112,0.03449221069943807
380,381.0,Prospect Ave,0.12658573928258968,0.04948600174978128,0.08508311461067367,0.011209536307961504,0.5198490813648294,0.005905511811023622,0.20188101487314086
381,382.0,4th Av - 9th St,0.09988635683952389,0.06824570847538729,0.0689036425623542,0.007356899336084694,0.6207309049584305,0.0017943656917279742,0.13308212213649143
382,383.0,3rd Ave,0.0606789802289282,0.039325355532431494,0.13330298300381546,0.003555324314949705,0.7187391605966008,0.004725979882067291,0.039672216441207074
383,384.0,Union Sq - 14th St,0.048129372988184496,0.03398161176538617,0.12812012104624043,0.003450203349973979,0.7457065206915826,0.0031032555270715675,0.03750891463156069
384,385.0,Liberty Ave,0.13471835510816021,0.5104947526236882,0.02313129149710859,0.030948811308631398,0.016920111372884985,0.0017134289997858213,0.28207324908974085
385,386.0,Broadway Junction,0.060437109723461196,0.6001338090990187,0.014830508474576272,0.04527207850133809,0.041480820695807316,0.0,0.23784567350579838
386,387.0,59th St,0.15605523225784237,0.012292965118281051,0.33614544953686165,0.012017492510588479,0.09224888950105024,0.010226920560586756,0.38101305051478945
387,388.0,45th St,0.21463399088562415,0.023646387711526818,0.2185538098728449,0.014532011855062303,0.08454699002517607,0.003824213646069027,0.4402625960036967
388,389.0,36th St,0.19339533118238755,0.01455051559435693,0.08831530334661859,0.008160941355095843,0.1881444929461631,0.01360156892515974,0.49383184665021823
389,390.0,9th Ave,0.11216836449121236,0.029385424829284676,0.3435575954326654,0.0020150005597223777,0.23732228814508005,0.0007276390910108587,0.2748236874510243
390,391.0,53rd St,0.18602297592997813,0.020049234135667397,0.287335886214442,0.012855579868708972,0.06094091903719912,0.0018052516411378556,0.43099015317286654
391,392.0,Ft Hamilton Pkwy,0.06507197142156691,0.019262424263650053,0.14516863376878086,0.006128953174797744,0.6129303400693448,0.00045529366441354676,0.15098238363744615
392,393.0,25th St,0.1605017690575748,0.027259568993245418,0.05853972338372467,0.004503055644901898,0.3771309102605339,0.007397877130910261,0.36466709552910903
393,394.0,Carroll St,0.058488154919885973,0.011746780693993906,0.0617811854910056,0.0005406468101838199,0.7697827582817262,0.0008846947803007962,0.09677577902290377
394,395.0,Spring St,0.031883944016354776,0.023981758138072025,0.09722440635320019,0.00027520050322377734,0.7950149394558893,0.002122975310583425,0.04949677622267652
395,396.0,181st St,0.16738366297675883,0.04973506111956351,0.030664708042600075,0.041209800115418915,0.30588636482870785,0.0003672420124862284,0.4047531609044646
396,397.0,190th St,0.15986073409654195,0.0493921869467721,0.0367048270978402,0.03487548684055234,0.2180160509854833,0.008202525669774578,0.4929481883630355
397,398.0,116th St,0.04882435743704708,0.45823992492570775,0.07580418122099995,0.034435118085605544,0.2687034044106147,0.0011209008915072207,0.11287211302851781
398,399.0,125th St,0.05412245395779973,0.4973472374679839,0.05393950481766069,0.024942066105622638,0.1708744968898646,0.002561287961946579,0.19621295279912185
399,400.0,Prince St,0.045659377070907885,0.02415506958250497,0.26451292246520874,0.009244532803180914,0.5710072895957587,0.003644797879390325,0.08177601060304837
400,401.0,8th St - NYU,0.049274793499009865,0.03543075303730398,0.1248282875136032,0.002051629707598166,0.7469894564073288,0.0007136103330776229,0.04071146950207839
401,402.0,Fulton St,0.050872522922212365,0.034974859509021,0.22016415261756878,0.0013679384797397219,0.6502883762200532,0.0013309671694764862,0.041001183081928426
402,403.0,Park Pl,0.03861941121949067,0.02242132674228715,0.17279427991349253,0.0030895528975592532,0.6925012137529241,0.0004413646996513219,0.07013285077459505
403,404.0,Chambers St,0.04216763998625902,0.0253778770182068,0.15188079697698387,0.0021899690827894194,0.7091205771212642,0.0004294057025077293,0.06883373411198901
404,405.0,Hoyt St,0.040351155534401606,0.12591887460997409,0.12655349304563965,0.0068750330530435244,0.5643873287852346,0.0018509704373578719,0.13406314453434873
405,406.0,Borough Hall,0.03678526396579135,0.061180856312702155,0.10591524587467792,0.007510553149498383,0.6839537306068746,0.0014253604517296202,0.10322898963872594
406,407.0,183rd St,0.08647098770089791,0.20269624487537413,0.0262079026132448,0.03418094016449106,0.01496516511984708,0.011293040569430821,0.6241857189567142
407,408.0,Fordham Rd,0.08978777828358371,0.17974897574299278,0.035876091998872775,0.026468101710346623,0.035832737204916434,0.01036179575556567,0.6219245193037221
408,409.0,World Trade Center,0.03861941121949067,0.02242132674228715,0.17279427991349253,0.0030895528975592532,0.6925012137529241,0.0004413646996513219,0.07013285077459505
409,410.0,Canal St - Holland Tunnel,0.05720604496866937,0.03214154072981939,0.09723553262071508,0.0,0.7412458532989311,0.0,0.0721710283818651
410,411.0,155th St,0.11643415794248167,0.36830362615539264,0.021011596832324026,0.07058621619633706,0.10758329860004413,0.013067889278446564,0.3030132149949739
411,412.0,163rd St - Amsterdam Av,0.1942834299420348,0.2242254647211673,0.01898860683589846,0.059684189486308215,0.08219068558864681,0.015390765540675595,0.40523685788526886
412,413.0,Fulton St,0.046828286416244855,0.030903116952313292,0.20649439066986355,0.0011544267827013587,0.6709587662433768,0.0010656247224935618,0.04259538821300654
413,414.0,Chambers St,0.06455696202531645,0.07267932489451477,0.36455696202531646,0.0073488045007032345,0.39082278481012656,0.015822784810126583,0.08421237693389592
414,415.0,Canal St,0.041771797028315114,0.043934478753654534,0.39637150066081944,0.009892266410348833,0.44350995234090274,0.0022027313869197804,0.06231727341903961
415,416.0,City Hall,0.051092896174863386,0.05969945355191257,0.335063752276867,0.006329690346083789,0.4919854280510018,0.001138433515482696,0.054690346083788706
416,417.0,Canal St,0.04059411173952111,0.02357418468206565,0.31095723875469106,0.007082826787885195,0.5613933083143929,0.002114276653100058,0.054284053068343996
417,418.0,South Ferry,0.03075030750307503,0.01845018450184502,0.12730627306273062,0.0,0.7441574415744158,0.0,0.07933579335793357
418,419.0,Bowling Green,0.06526451731931183,0.019095060190950603,0.2042802453761358,0.0011069600110696,0.6562427932290946,0.0,0.054010423873437574
419,420.0,Wall St,0.060365253526774326,0.024496044909415666,0.2124813181205118,0.0008748587467648452,0.6518062187875916,0.0013122881201472678,0.04866401778879452
420,421.0,Whitehall St,0.03685220729366603,0.02293666026871401,0.19309021113243763,0.0004798464491362764,0.7005758157389635,0.0,0.046065259117082535
421,422.0,Rector St,0.06806282722513089,0.019147344801795065,0.2105210670655697,0.0011967090501121915,0.6491149339316878,0.0,0.051957117925704316
422,423.0,Fresh Pond Rd,0.3018644838562983,0.013597089586175535,0.06721236925875398,0.010504774897680765,0.5460663938153706,0.0030013642564802184,0.057753524329240566
423,424.0,Middle Village - Metropolitan Ave,0.22489760456745686,0.01687973191014025,0.07111828223904679,0.007943403251830706,0.5988581357825493,0.0,0.08030284224897605
424,425.0,Rector St,0.06806282722513089,0.019147344801795065,0.2105210670655697,0.0011967090501121915,0.6491149339316878,0.0,0.051957117925704316
425,426.0,Cortlandt St,0.05507796509247888,0.014885936511480779,0.18034312083658963,0.0021956756354434147,0.6774217557962116,0.0,0.07007554612779576
426,427.0,Fulton St,0.046828286416244855,0.030903116952313292,0.20649439066986355,0.0011544267827013587,0.6709587662433768,0.0010656247224935618,0.04259538821300654
427,428.0,Broad St,0.05870814549709212,0.024157748029870262,0.2077153377611067,0.0008259059155511201,0.6569737430744348,0.0012388588733266803,0.05038026084861833
428,429.0,Cortlandt St,0.0687374972216048,0.015170037786174706,0.1910424538786397,0.0011669259835519004,0.6671482551678151,0.0,0.05673482996221382
429,430.0,Wall St,0.04973146404408175,0.03403780428262537,0.2148985143335426,0.0012903675803864127,0.6556113552347074,0.0012554927809165098,0.04317500174373998
430,431.0,Dyckman St,0.18609242919726043,0.03223915592028136,0.03331893626210897,0.03976676744616524,0.1379650768186586,0.0037946566298512987,0.5668229777256741
431,432.0,Grand St,0.04494625654369173,0.021590310689836755,0.5260973267664095,0.010160146206982003,0.3158318619706966,0.002509060496236409,0.07886503732614689
432,433.0,Broadway - Lafayette St,0.05979643765903308,0.03953329609631974,0.14941351703593372,0.005926891329982002,0.659343387327003,0.003661639669831813,0.0823248308818966
433,434.0,Bowery,0.05794798052423119,0.026917934357577132,0.46345770579479806,0.008981054012462474,0.3526829637478241,0.0030020938974242538,0.08701026766568279
434,435.0,Canal St,0.041771797028315114,0.043934478753654534,0.39637150066081944,0.009892266410348833,0.44350995234090274,0.0022027313869197804,0.06231727341903961
435,436.0,23rd St,0.093664699612655,0.08090051212727793,0.11646346218836925,0.005433228481555619,0.6248992643044687,0.00025996308524189567,0.07837887020043154
436,437.0,34th St - Penn Station,0.12139466026851804,0.061922507529736076,0.20858645157996836,0.008984634233498393,0.5306549594159988,0.0021951095002297207,0.06626167747205064
437,438.0,Jackson Hts - Roosevelt Av,0.2667901125709079,0.006907092261117479,0.4280927607794727,0.00417364723863269,0.15254386738382858,0.005966552038327014,0.1355259677277136
438,439.0,14th St,0.062136971498041337,0.013553064073123509,0.09514160925750821,0.00270160745643658,0.7797289387185375,0.005065513980818587,0.041672295015534246
439,440.0,135th St,0.061642053217097134,0.5905276169409928,0.029340966755578686,0.038839372844967794,0.12809836705484354,0.0020493136425736775,0.1495023095439464
440,441.0,14th St,0.061517084570201476,0.01469504621149919,0.10667593001957935,0.002210572854165351,0.7708162277100571,0.004968525653171646,0.039116612981325925
441,442.0,6th Ave,0.0640923053096203,0.01321597274205622,0.10190753981569912,0.002529619782659198,0.7719212204124829,0.005807800521411425,0.04052554141607083
442,443.0,8th Ave,0.073300959145708,0.024812157232248555,0.08881157739605228,0.007465391027034862,0.7465149428619748,0.004372931313570583,0.05472204102341088
443,444.0,14th St,0.08172695316929357,0.026448576936160564,0.08189704048078013,0.008759496541558,0.7391427599501077,0.0018993083115999545,0.060125864610500054
444,445.0,Nostrand Ave,0.03290721649484536,0.6491134020618556,0.03364948453608248,0.03698969072164948,0.17088659793814434,0.00032989690721649484,0.07612371134020618
445,446.0,Clark St,0.04459088412959912,0.0700713893465129,0.08066996155958264,0.004887424492037342,0.7124656781987919,0.001098297638660077,0.08621636463481604
446,447.0,Franklin Ave,0.014507373781044339,0.5043954460296872,0.059710813277609645,0.02848633328529567,0.30143632607964643,0.002882259691598213,0.08858144785511841
447,448.0,Clinton - Washington Aves,0.03240517430388073,0.3476869107651831,0.0723525542644157,0.034334575750931816,0.4168384126288095,0.0014909011181758387,0.09489147116860337
448,449.0,Forest Ave,0.4190540280715247,0.01810549253348715,0.08158687431904121,0.011696468627827982,0.3790617189002115,0.0037172338652823175,0.08677818368262513
449,450.0,110th St,0.1430125949249861,0.26854510094461936,0.08784034080385257,0.05829783293202445,0.08045471383589553,0.0025467679199851823,0.35930264863863676
450,451.0,86th St,0.06952095894966671,0.017871860495380212,0.0774881071154875,0.0026171575644529273,0.7981896788559696,0.0015182405760638528,0.03279399644297922
451,452.0,York St,0.04624911307488873,0.20976585177062504,0.10501193317422435,0.013610268980197382,0.5064826162678191,0.003031671289427853,0.11584854544281752
452,453.0,High St,0.040226781857451405,0.07014038876889848,0.08990280777537797,0.005453563714902808,0.7104751619870411,0.0,0.08380129589632829
453,454.0,Lafayette Ave,0.06278453489162193,0.278929129578039,0.07943194944621866,0.03173201059998641,0.4163212611265883,0.0,0.13080111435754568
454,455.0,President St,0.040770493219314155,0.6371253347153839,0.01865768333765224,0.03792001382050618,0.17854366416169992,0.0,0.08698281074544355
455,456.0,Woodlawn,0.09588377723970944,0.21433414043583535,0.11467312348668281,0.023922518159806297,0.043002421307506054,0.004552058111380145,0.5036319612590799
456,457.0,Bleecker St,0.060618430452086945,0.03630472497193591,0.15728645780181652,0.004796407796713951,0.6647106847637514,0.0035717930401061334,0.07271150117358914
457,458.0,103rd St,0.17719803489750974,0.22736623024612182,0.10399070690447956,0.03296144817405194,0.19389656591079596,0.0029766946588901527,0.2616103192081508
458,459.0,Euclid Ave,0.24082612872238232,0.5233909702209414,0.07627281460134486,0.05057636887608069,0.01484149855907781,0.003506243996157541,0.09058597502401537
459,460.0,88th St,0.13493264719237172,0.04003329801725443,0.3648403208718026,0.005600121083699107,0.15786287271076133,0.0016649008627213561,0.29506583926138946
460,461.0,Cortelyou Rd,0.03614997918734591,0.35640869648746437,0.1455925202523134,0.01889148602350229,0.2685472767442605,0.005699465274887131,0.16871057603022638
461,462.0,116th St,0.11272675602709231,0.2788566286174395,0.06003410221190736,0.05723961540283238,0.08260313550892814,0.0023208449770283713,0.40621891725477194
462,463.0,Parkchester,0.14983400554229429,0.2461107910116059,0.1503827475512388,0.032869646335775236,0.042993936400801167,0.008395752736850769,0.36941312042143387
463,464.0,Franklin St,0.06037760587386915,0.041366199029762685,0.1117084043529566,0.0007211223285695555,0.7154189065163236,0.0006555657532450505,0.06975219614527337
464,465.0,80th St,0.14425925925925925,0.1963888888888889,0.3514814814814815,0.005925925925925926,0.08717592592592592,0.0019444444444444444,0.21282407407407408
465,466.0,5th Ave - Bryant Pk,0.047280593325092705,0.08467243510506799,0.2391841779975278,0.016996291718170582,0.5597960444993819,0.006025957972805933,0.04604449938195303
466,467.0,Spring St,0.045659377070907885,0.02415506958250497,0.26451292246520874,0.009244532803180914,0.5710072895957587,0.003644797879390325,0.08177601060304837
467,468.0,125th St,0.08699447192318882,0.4357482300455824,0.040539229948598585,0.05334109203762972,0.07972068664533023,0.0013577732518669382,0.30229851614780334
468,469.0,Coney Island - Stillwell Av,0.1255684883989825,0.19748708856856548,0.10637477838587836,0.010483311493101057,0.40221999537500963,0.008170816310799352,0.1496955214676636
469,470.0,34th St - Hudson Yards,0.07926153043251354,0.07521690912649227,0.21436492921912714,0.0024789614456259376,0.5466762345880357,0.004696979581185987,0.07730445560701937
470,641.0,72nd St,0.04451378837152471,0.01693704532210463,0.09128334304566046,0.0010902870462620074,0.7997067503806605,0.00022557663026110495,0.046243209203526515
471,642.0,86th St,0.06178340333749574,0.02024917697809059,0.08156430922919741,0.003802928822794869,0.799012373708707,0.0010074923373822227,0.03258031558633216
472,643.0,96th St,0.13112057463491308,0.09683256264507521,0.110120081150732,0.019008279567927184,0.518688428709813,0.0008041964432584578,0.12342587684828103
